{
  "harishsm02@gmail.com/rr": {
    "type": "file",
    "created": "2026-02-02T13:54:01.900980",
    "created_by": "harishsm02@gmail.com",
    "modified": "2026-02-03T20:34:22.394445",
    "versions": [
      {
        "timestamp": "2026-02-02T13:54:01.901056",
        "size": 0
      },
      {
        "timestamp": "2026-02-03T19:03:23.913211",
        "size": 6,
        "modified_by": "harishsm02@gmail.com"
      },
      {
        "timestamp": "2026-02-03T20:33:54.457975",
        "size": 113,
        "modified_by": "harishsm02@gmail.com",
        "content": "ghdghhhd sjhhxgccghLinux (GUI)\n\nRight-click the folder\n\nChoose Compress or Archive\n\nSelect ZIP format and confirm"
      },
      {
        "timestamp": "2026-02-03T20:34:09.122843",
        "size": 132,
        "modified_by": "greesh@gmail.com",
        "content": "ghdghhhd sjhhxgccghLinux (GUI)\n\nRight-click the folder\n\nChoose Compress or Archive\n\nSelect ZIP format and confirm sgdhhsgdhgsahghhgf"
      },
      {
        "timestamp": "2026-02-03T20:34:22.394465",
        "size": 136,
        "modified_by": "mahe@gmail.com",
        "content": "ghdghhhd sjhhxgccghLinux (GUI)\n\nRight-click the folder\n\nChoose Compress or Archive\n\nSelect ZIP format and confirm sgdhhsgdhgsahghhgfnnvb"
      }
    ],
    "modified_by": "mahe@gmail.com"
  },
  "greesh@gmail.com/mahe/ss": {
    "type": "file",
    "created": "2026-02-02T14:02:38.372250",
    "created_by": "greesh@gmail.com",
    "modified": "2026-02-02T14:02:38.372282",
    "versions": [
      {
        "timestamp": "2026-02-02T14:02:38.372290",
        "size": 0
      }
    ]
  },
  "harishsm02@gmail.com/ee": {
    "type": "file",
    "created": "2026-02-02T19:32:57.976810",
    "created_by": "harishsm02@gmail.com",
    "modified": "2026-02-02T19:32:57.976875",
    "versions": [
      {
        "timestamp": "2026-02-02T19:32:57.976879",
        "size": 0
      }
    ]
  },
  "harishsm02@gmail.com/display/nnn": {
    "type": "file",
    "created": "2026-02-02T20:54:33.964667",
    "created_by": "harishsm02@gmail.com",
    "modified": "2026-02-02T20:54:33.966380",
    "versions": [
      {
        "timestamp": "2026-02-02T20:54:33.966388",
        "size": 0,
        "modified_by": "harishsm02@gmail.com"
      }
    ]
  },
  "mahe@gmail.com/es": {
    "type": "file",
    "created": "2026-02-02T20:58:30.449171",
    "created_by": "mahe@gmail.com",
    "modified": "2026-02-02T20:58:38.310067",
    "versions": [
      {
        "timestamp": "2026-02-02T20:58:30.449283",
        "size": 0,
        "modified_by": "mahe@gmail.com"
      },
      {
        "timestamp": "2026-02-02T20:58:38.310101",
        "size": 10,
        "modified_by": "mahe@gmail.com"
      }
    ],
    "modified_by": "mahe@gmail.com"
  },
  "mahe@gmail.com/ws": {
    "type": "folder",
    "created": "2026-02-02T20:58:48.311396",
    "created_by": "mahe@gmail.com"
  },
  "mahe@gmail.com/ws/esdd": {
    "type": "file",
    "created": "2026-02-02T20:58:54.533910",
    "created_by": "mahe@gmail.com",
    "modified": "2026-02-02T20:58:54.533933",
    "versions": [
      {
        "timestamp": "2026-02-02T20:58:54.533941",
        "size": 0,
        "modified_by": "mahe@gmail.com"
      }
    ]
  },
  "mahe@gmail.com/example": {
    "type": "file",
    "created": "2026-02-03T18:41:47.079724",
    "created_by": "mahe@gmail.com",
    "modified": "2026-02-03T18:41:47.088166",
    "versions": [
      {
        "timestamp": "2026-02-03T18:41:47.088181",
        "size": 0,
        "modified_by": "mahe@gmail.com"
      }
    ]
  },
  "mahe@gmail.com/display": {
    "type": "file",
    "created": "2026-02-03T18:58:42.037966",
    "created_by": "mahe@gmail.com",
    "modified": "2026-02-03T18:58:42.038672",
    "versions": [
      {
        "timestamp": "2026-02-03T18:58:42.038682",
        "size": 0,
        "modified_by": "mahe@gmail.com"
      }
    ]
  },
  "harishsm02@gmail.com/mahe": {
    "type": "file",
    "created": "2026-02-03T19:06:28.792494",
    "created_by": "mahe@gmail.com",
    "modified": "2026-02-03T19:11:07.182637",
    "versions": [
      {
        "timestamp": "2026-02-03T19:06:28.792552",
        "size": 0,
        "modified_by": "mahe@gmail.com"
      },
      {
        "timestamp": "2026-02-03T19:06:47.640834",
        "size": 17,
        "modified_by": "mahe@gmail.com"
      },
      {
        "timestamp": "2026-02-03T19:11:07.182663",
        "size": 12,
        "modified_by": "mahe@gmail.com"
      }
    ],
    "modified_by": "mahe@gmail.com"
  },
  "harishsm02@gmail.com/har": {
    "type": "file",
    "created": "2026-02-03T19:07:14.635856",
    "created_by": "mahe@gmail.com",
    "modified": "2026-02-03T19:07:26.808325",
    "versions": [
      {
        "timestamp": "2026-02-03T19:07:14.635874",
        "size": 0,
        "modified_by": "mahe@gmail.com"
      },
      {
        "timestamp": "2026-02-03T19:07:26.808355",
        "size": 12,
        "modified_by": "mahe@gmail.com"
      }
    ],
    "modified_by": "mahe@gmail.com"
  },
  "harishsm02@gmail.com/eeee": {
    "type": "file",
    "created": "2026-02-03T19:13:48.666802",
    "created_by": "mahe@gmail.com",
    "modified": "2026-02-03T19:19:52.697669",
    "versions": [
      {
        "timestamp": "2026-02-03T19:13:48.666838",
        "size": 0,
        "modified_by": "mahe@gmail.com"
      },
      {
        "timestamp": "2026-02-03T19:15:53.465407",
        "size": 5,
        "modified_by": "mahe@gmail.com"
      },
      {
        "timestamp": "2026-02-03T19:17:01.416867",
        "size": 18,
        "modified_by": "mahe@gmail.com"
      },
      {
        "timestamp": "2026-02-03T19:19:52.697739",
        "size": 568,
        "modified_by": "mahe@gmail.com"
      }
    ],
    "modified_by": "mahe@gmail.com"
  },
  "harishsm02@gmail.com/ex": {
    "type": "file",
    "created": "2026-02-03T19:22:56.961418",
    "created_by": "mahe@gmail.com",
    "modified": "2026-02-03T20:12:47.913378",
    "versions": [
      {
        "timestamp": "2026-02-03T19:22:56.961493",
        "size": 0,
        "modified_by": "mahe@gmail.com"
      },
      {
        "timestamp": "2026-02-03T19:23:05.193086",
        "size": 531,
        "modified_by": "mahe@gmail.com"
      },
      {
        "timestamp": "2026-02-03T20:12:47.913488",
        "size": 538,
        "modified_by": "ganesh@gmail.com"
      }
    ],
    "modified_by": "ganesh@gmail.com"
  },
  "harishsm02@gmail.com/ganesh": {
    "type": "file",
    "created": "2026-02-03T19:37:23.766501",
    "created_by": "ganesh@gmail.com",
    "modified": "2026-02-03T19:37:38.394047",
    "versions": [
      {
        "timestamp": "2026-02-03T19:37:23.766556",
        "size": 0,
        "modified_by": "ganesh@gmail.com"
      },
      {
        "timestamp": "2026-02-03T19:37:38.394069",
        "size": 15,
        "modified_by": "ganesh@gmail.com"
      }
    ],
    "modified_by": "ganesh@gmail.com"
  },
  "harishsm02@gmail.com/gane": {
    "type": "file",
    "created": "2026-02-03T19:38:46.032497",
    "created_by": "ganesh@gmail.com",
    "modified": "2026-02-03T20:21:41.264271",
    "versions": [
      {
        "timestamp": "2026-02-03T19:38:46.032523",
        "size": 0,
        "modified_by": "ganesh@gmail.com"
      },
      {
        "timestamp": "2026-02-03T19:39:08.708147",
        "size": 125,
        "modified_by": "ganesh@gmail.com"
      },
      {
        "timestamp": "2026-02-03T19:39:21.472210",
        "size": 137,
        "modified_by": "ganesh@gmail.com"
      },
      {
        "timestamp": "2026-02-03T20:17:09.413072",
        "size": 137,
        "modified_by": "mahe@gmail.com",
        "content": "cd perplex-collab\\backend\n.\\venv\\Scripts\\activate\npip install fastapi uvicorn requests\nuvicorn main:app --reload --port 8001\nhdhfhdvhgvhg"
      },
      {
        "timestamp": "2026-02-03T20:21:41.264286",
        "size": 137,
        "modified_by": "mahe@gmail.com",
        "content": "cd perplex-collab\\backend\n.\\venv\\Scripts\\activate\npip install fastapi uvicorn requests\nuvicorn main:app --reload --port 8001\nhdhfhdvhgvhg"
      }
    ],
    "modified_by": "mahe@gmail.com"
  },
  "harishsm02@gmail.com/pppp": {
    "type": "file",
    "created": "2026-02-03T19:45:34.500203",
    "created_by": "ganesh@gmail.com",
    "modified": "2026-02-03T19:45:49.292389",
    "versions": [
      {
        "timestamp": "2026-02-03T19:45:34.500234",
        "size": 0,
        "modified_by": "ganesh@gmail.com"
      },
      {
        "timestamp": "2026-02-03T19:45:49.292408",
        "size": 5,
        "modified_by": "ganesh@gmail.com"
      }
    ],
    "modified_by": "ganesh@gmail.com"
  },
  "harishsm02@gmail.com/wvewhgf": {
    "type": "file",
    "created": "2026-02-03T19:46:19.446183",
    "created_by": "ganesh@gmail.com",
    "modified": "2026-02-03T19:46:37.999051",
    "versions": [
      {
        "timestamp": "2026-02-03T19:46:19.446217",
        "size": 0,
        "modified_by": "ganesh@gmail.com"
      },
      {
        "timestamp": "2026-02-03T19:46:25.681272",
        "size": 15,
        "modified_by": "ganesh@gmail.com"
      },
      {
        "timestamp": "2026-02-03T19:46:37.999080",
        "size": 23,
        "modified_by": "ganesh@gmail.com"
      }
    ],
    "modified_by": "ganesh@gmail.com"
  },
  "harishsm02@gmail.com/play": {
    "type": "file",
    "created": "2026-02-03T20:13:07.821917",
    "created_by": "harishsm02@gmail.com",
    "modified": "2026-02-03T20:29:52.276793",
    "versions": [
      {
        "timestamp": "2026-02-03T20:13:07.821943",
        "size": 0,
        "modified_by": "harishsm02@gmail.com"
      },
      {
        "timestamp": "2026-02-03T20:13:26.818085",
        "size": 41,
        "modified_by": "harishsm02@gmail.com"
      },
      {
        "timestamp": "2026-02-03T20:13:58.508134",
        "size": 12,
        "modified_by": "ganesh@gmail.com"
      },
      {
        "timestamp": "2026-02-03T20:28:16.590362",
        "size": 401,
        "modified_by": "mahe@gmail.com",
        "content": "good morning       ncbbbbbbbbbbbbbbbbbbbbbbbbbbbbbbbbb\ud83d\udcc4 test.txt\nCreated: [date/time]\nCreated by: mahe@gmail.com\nLast Modified: [recent time]\nLast Modified by: mahe@gmail.com\n\n\u23f1\ufe0f Version History (2 versions)\n\nv2  \u21b6 Checkout this version\n[timestamp]\n\ud83d\udce6 Size: 27 bytes\n\ud83d\udc64 Editor: mahe@gmail.com\n[time ago]\n\nv1  \u21b6 Checkout this version\n[older timestamp]\n\ud83d\udce6 Size: 14 bytes\n\ud83d\udc64 Editor: mahe@gmail.com\n[time ago]"
      },
      {
        "timestamp": "2026-02-03T20:29:33.262546",
        "size": 444,
        "modified_by": "greesh@gmail.com",
        "content": "good morning       ncbbbbbbbbbbbbbbbbbbbbbbbbbbbbbbbbb\ud83d\udcc4 test.txt\nCreated: [date/time]\nCreated by: mahe@gmail.com\nLast Modified: [recent time]\nLast Modified by: mahe@gmail.com\n\n\u23f1\ufe0f Version History (2 versions)\n\nv2  \u21b6 Checkout this version\n[timestamp]\n\ud83d\udce6 Size: 27 bytes\n\ud83d\udc64 Editor: mahe@gmail.com\n[time ago]\n\nv1  \u21b6 Checkout this version\n[older timestamp]\n\ud83d\udce6 Size: 14 bytes\n\ud83d\udc64 Editor: mahe@gmail.com\n[time ago]\njbxcbbbbbbbbbbbbbbbbbbbbbbbbbbbbbbbbbbbbbb"
      },
      {
        "timestamp": "2026-02-03T20:29:52.276825",
        "size": 810,
        "modified_by": "harishsm02@gmail.com",
        "content": "good morning       ncbbbbbbbbbbbbbbbbbbbbbbbbbbbbbbbbb\ud83d\udcc4 test.txt\nCreated: [date/time]\nCreated by: mahe@gmail.com\nLast Modified: [recent time]\nLast Modified by: mahe@gmail.com\n\n\u23f1\ufe0f Version History (2 versions)\n\nv2  \u21b6 Checkout this version\n[timestamp]\n\ud83d\udce6 Size: 27 bytes\n\ud83d\udc64 Editor: mahe@gmail.com\n[time ago]\n\nv1  \u21b6 Checkout this version\n[older timestamp]\n\ud83d\udce6 Size: 14 bytes\n\ud83d\udc64 Editor: mahe@gmail.com\n[time ago]\njbxcbbbbbbbbbbbbbbbbbbbbbbbbbbbbbbbbbbbbbbmnv\n morning       ncbbbbbbbbbbbbbbbbbbbbbbbbbbbbbbbbb\ud83d\udcc4 test.txt\nCreated: [date/time]\nCreated by: mahe@gmail.com\nLast Modified: [recent time]\nLast Modified by: mahe@gmail.com\n\n\u23f1\ufe0f Version History (2 versions)\n\nv2  \u21b6 Checkout this version\n[timestamp]\n\ud83d\udce6 Size: 27 bytes\n\ud83d\udc64 Editor: mahe@gmail.com\n[time ago]\n\nv1  \u21b6 Checkout this version\n[older timestamp]\n\ud83d\udce6 Size: 14 bytes\n"
      }
    ],
    "modified_by": "harishsm02@gmail.com"
  },
  "harishsm02@gmail.com/text.txt": {
    "type": "file",
    "created": "2026-02-03T20:22:27.172597",
    "created_by": "mahe@gmail.com",
    "modified": "2026-02-03T20:22:45.626332",
    "versions": [
      {
        "timestamp": "2026-02-03T20:22:27.172611",
        "size": 0,
        "modified_by": "mahe@gmail.com"
      },
      {
        "timestamp": "2026-02-03T20:22:35.563601",
        "size": 2,
        "modified_by": "mahe@gmail.com",
        "content": "hi"
      },
      {
        "timestamp": "2026-02-03T20:22:45.626350",
        "size": 5,
        "modified_by": "mahe@gmail.com",
        "content": "hello"
      }
    ],
    "modified_by": "mahe@gmail.com"
  },
  "harishsm02@gmail.com/main": {
    "type": "file",
    "created": "2026-02-03T20:26:45.501478",
    "created_by": "mahe@gmail.com",
    "modified": "2026-02-03T20:27:55.022957",
    "versions": [
      {
        "timestamp": "2026-02-03T20:26:45.501551",
        "size": 0,
        "modified_by": "mahe@gmail.com"
      },
      {
        "timestamp": "2026-02-03T20:26:59.396042",
        "size": 17,
        "modified_by": "mahe@gmail.com",
        "content": "this is main file"
      },
      {
        "timestamp": "2026-02-03T20:27:31.785571",
        "size": 34,
        "modified_by": "mahe@gmail.com",
        "content": "this is main foldernbdhfbbbdbfhdhg"
      },
      {
        "timestamp": "2026-02-03T20:27:55.022989",
        "size": 5,
        "modified_by": "mahe@gmail.com",
        "content": "hi ji"
      }
    ],
    "modified_by": "mahe@gmail.com"
  },
  "divyashreer.cse2024@citchennai.net/hello": {
    "type": "file",
    "created": "2026-02-04T06:43:34.194013",
    "created_by": "divyashreer.cse2024@citchennai.net",
    "modified": "2026-02-04T07:48:52.045011",
    "versions": [
      {
        "timestamp": "2026-02-04T06:43:34.194056",
        "size": 0,
        "modified_by": "divyashreer.cse2024@citchennai.net"
      },
      {
        "timestamp": "2026-02-04T06:46:04.599804",
        "size": 5,
        "modified_by": "greesh12345@gmail.com",
        "content": "hello"
      },
      {
        "timestamp": "2026-02-04T06:56:12.125235",
        "size": 20,
        "modified_by": "greesh12345@gmail.com",
        "content": "hello,this is greesh"
      },
      {
        "timestamp": "2026-02-04T07:00:15.922197",
        "size": 28,
        "modified_by": "greesh12345@gmail.com",
        "content": "hello,this is greesh welcome"
      },
      {
        "timestamp": "2026-02-04T07:48:38.670247",
        "size": 28,
        "modified_by": "greesh12345@gmail.com",
        "content": "hello,this is greesh welcome",
        "restored_from": 3
      },
      {
        "timestamp": "2026-02-04T07:48:44.878281",
        "size": 28,
        "modified_by": "greesh12345@gmail.com",
        "content": "hello,this is greesh welcome",
        "restored_from": 3
      },
      {
        "timestamp": "2026-02-04T07:48:52.045022",
        "size": 5,
        "modified_by": "greesh12345@gmail.com",
        "content": "hello",
        "restored_from": 1
      }
    ],
    "modified_by": "greesh12345@gmail.com"
  },
  "divyashreer.cse2024@citchennai.net/hii": {
    "type": "folder",
    "created": "2026-02-04T06:43:44.535830",
    "created_by": "divyashreer.cse2024@citchennai.net"
  },
  "divyashreer.cse2024@citchennai.net/hii/play": {
    "type": "file",
    "created": "2026-02-04T06:43:58.760278",
    "created_by": "divyashreer.cse2024@citchennai.net",
    "modified": "2026-02-04T06:43:58.760291",
    "versions": [
      {
        "timestamp": "2026-02-04T06:43:58.760294",
        "size": 0,
        "modified_by": "divyashreer.cse2024@citchennai.net"
      }
    ]
  },
  "divyashreer.cse2024@citchennai.net/heyy": {
    "type": "file",
    "created": "2026-02-04T06:54:02.949794",
    "created_by": "greesh12345@gmail.com",
    "modified": "2026-02-04T07:52:14.932662",
    "versions": [
      {
        "timestamp": "2026-02-04T06:54:02.949827",
        "size": 0,
        "modified_by": "greesh12345@gmail.com"
      },
      {
        "timestamp": "2026-02-04T07:49:35.821044",
        "size": 9,
        "modified_by": "divyashreer.cse2024@citchennai.net",
        "content": "hey guys\n"
      },
      {
        "timestamp": "2026-02-04T07:49:41.431266",
        "size": 9,
        "modified_by": "divyashreer.cse2024@citchennai.net",
        "content": "hey guys\n",
        "restored_from": 1
      },
      {
        "timestamp": "2026-02-04T07:49:54.480703",
        "size": 23,
        "modified_by": "divyashreer.cse2024@citchennai.net",
        "content": "hey guys\nwelcome to cit"
      },
      {
        "timestamp": "2026-02-04T07:50:18.201572",
        "size": 9,
        "modified_by": "divyashreer.cse2024@citchennai.net",
        "content": "hey guys\n",
        "restored_from": 1
      },
      {
        "timestamp": "2026-02-04T07:52:03.413207",
        "size": 9,
        "modified_by": "greesh12345@gmail.com",
        "content": "hey guys\n",
        "restored_from": 4
      },
      {
        "timestamp": "2026-02-04T07:52:14.932674",
        "size": 23,
        "modified_by": "greesh12345@gmail.com",
        "content": "hey guys\nwelcome to cit",
        "restored_from": 3
      }
    ],
    "modified_by": "greesh12345@gmail.com"
  },
  "divyashreer.cse2024@citchennai.net/hii/huu": {
    "type": "file",
    "created": "2026-02-04T06:55:11.271673",
    "created_by": "greesh12345@gmail.com",
    "modified": "2026-02-04T06:55:11.271719",
    "versions": [
      {
        "timestamp": "2026-02-04T06:55:11.271724",
        "size": 0,
        "modified_by": "greesh12345@gmail.com"
      }
    ]
  },
  "divyashreer.cse2024@citchennai.net/bla bla": {
    "type": "file",
    "created": "2026-02-04T07:49:04.284238",
    "created_by": "greesh12345@gmail.com",
    "modified": "2026-02-04T07:49:04.284251",
    "versions": [
      {
        "timestamp": "2026-02-04T07:49:04.284254",
        "size": 0,
        "modified_by": "greesh12345@gmail.com"
      }
    ]
  },
  "divyashreer.cse2024@citchennai.net/hii/kerr": {
    "type": "file",
    "created": "2026-02-04T07:54:01.965169",
    "created_by": "divyashreer.cse2024@citchennai.net",
    "modified": "2026-02-04T07:54:01.965179",
    "versions": [
      {
        "timestamp": "2026-02-04T07:54:01.965181",
        "size": 0,
        "modified_by": "divyashreer.cse2024@citchennai.net"
      }
    ]
  },
  "divya575divya@gmail.com/hello": {
    "type": "folder",
    "created": "2026-02-04T23:31:58.965421",
    "created_by": "divya575divya@gmail.com"
  },
  "divya575divya@gmail.com/hello/rr": {
    "type": "file",
    "created": "2026-02-04T23:32:06.972241",
    "created_by": "divya575divya@gmail.com",
    "modified": "2026-02-04T23:32:21.964662",
    "versions": [
      {
        "timestamp": "2026-02-04T23:32:06.972250",
        "size": 0,
        "modified_by": "divya575divya@gmail.com"
      },
      {
        "timestamp": "2026-02-04T23:32:21.964670",
        "size": 5,
        "modified_by": "divya575divya@gmail.com",
        "content": "heyyy"
      }
    ],
    "modified_by": "divya575divya@gmail.com"
  },
  "divya575divya@gmail.com/sdfghj": {
    "type": "file",
    "created": "2026-02-04T23:32:14.002416",
    "created_by": "divya575divya@gmail.com",
    "modified": "2026-02-04T23:32:14.002423",
    "versions": [
      {
        "timestamp": "2026-02-04T23:32:14.002425",
        "size": 0,
        "modified_by": "divya575divya@gmail.com"
      }
    ]
  },
  "divya575divya@gmail.com/hoi.py": {
    "type": "file",
    "created": "2026-02-04T23:36:24.103803",
    "created_by": "divya575divya@gmail.com",
    "modified": "2026-02-04T23:36:24.103810",
    "versions": [
      {
        "timestamp": "2026-02-04T23:36:24.103812",
        "size": 0,
        "modified_by": "divya575divya@gmail.com"
      }
    ]
  },
  "divya575divya@gmail.com/hype.py": {
    "type": "file",
    "created": "2026-02-04T23:38:41.074710",
    "created_by": "divya575divya@gmail.com",
    "modified": "2026-02-04T23:38:41.074718",
    "versions": [
      {
        "timestamp": "2026-02-04T23:38:41.074719",
        "size": 0,
        "modified_by": "divya575divya@gmail.com"
      }
    ]
  },
  "divya575divya@gmail.com/nukk.py": {
    "type": "file",
    "created": "2026-02-04T23:39:00.875857",
    "created_by": "divya575divya@gmail.com",
    "modified": "2026-02-04T23:39:00.875863",
    "versions": [
      {
        "timestamp": "2026-02-04T23:39:00.875865",
        "size": 0,
        "modified_by": "divya575divya@gmail.com"
      }
    ]
  },
  "divya575divya@gmail.com/sdfghj.py": {
    "type": "file",
    "created": "2026-02-04T23:40:16.661436",
    "created_by": "divya575divya@gmail.com",
    "modified": "2026-02-04T23:40:16.661443",
    "versions": [
      {
        "timestamp": "2026-02-04T23:40:16.661445",
        "size": 0,
        "modified_by": "divya575divya@gmail.com"
      }
    ]
  },
  "divya575divya@gmail.com/asdfg.py": {
    "type": "file",
    "created": "2026-02-04T23:44:35.903067",
    "created_by": "divya575divya@gmail.com",
    "modified": "2026-02-04T23:44:35.903074",
    "versions": [
      {
        "timestamp": "2026-02-04T23:44:35.903076",
        "size": 0,
        "modified_by": "divya575divya@gmail.com"
      }
    ]
  },
  "pgs.gaycdfghathri2006@gmail.com/hello world": {
    "type": "folder",
    "created": "2026-02-12T14:07:08.203314",
    "created_by": "pgs.gaycdfghathri2006@gmail.com"
  },
  "pgs.gaycdfghathri2006@gmail.com/hello world/hello.py": {
    "type": "file",
    "created": "2026-02-12T14:07:18.122376",
    "created_by": "pgs.gaycdfghathri2006@gmail.com",
    "modified": "2026-02-12T14:09:43.883356",
    "versions": [
      {
        "timestamp": "2026-02-12T14:07:18.122388",
        "size": 0,
        "modified_by": "pgs.gaycdfghathri2006@gmail.com"
      },
      {
        "timestamp": "2026-02-12T14:09:43.883371",
        "size": 18,
        "modified_by": "divyashrfghjeer.cse2024@citchennai.net",
        "content": "print(\"heyy guys\")"
      }
    ],
    "modified_by": "divyashrfghjeer.cse2024@citchennai.net"
  },
  "pgs.gaycdfghathri2006@gmail.com/hello world/text": {
    "type": "file",
    "created": "2026-02-12T14:07:29.187026",
    "created_by": "pgs.gaycdfghathri2006@gmail.com",
    "modified": "2026-02-12T14:07:29.187038",
    "versions": [
      {
        "timestamp": "2026-02-12T14:07:29.187042",
        "size": 0,
        "modified_by": "pgs.gaycdfghathri2006@gmail.com"
      }
    ]
  },
  "pgs.gaycdfghathri2006@gmail.com/display": {
    "type": "file",
    "created": "2026-02-12T14:15:04.947785",
    "created_by": "divyashrfghjeer.cse2024@citchennai.net",
    "modified": "2026-02-12T14:25:22.571084",
    "versions": [
      {
        "timestamp": "2026-02-12T14:15:04.947814",
        "size": 0,
        "modified_by": "divyashrfghjeer.cse2024@citchennai.net"
      },
      {
        "timestamp": "2026-02-12T14:16:12.866686",
        "size": 11,
        "modified_by": "pgs.gaycdfghathri2006@gmail.com",
        "content": "hello world"
      },
      {
        "timestamp": "2026-02-12T14:25:15.067304",
        "size": 0,
        "modified_by": "divyashrfghjeer.cse2024@citchennai.net",
        "content": "",
        "restored_from": 0
      },
      {
        "timestamp": "2026-02-12T14:25:22.571099",
        "size": 11,
        "modified_by": "divyashrfghjeer.cse2024@citchennai.net",
        "content": "hello world",
        "restored_from": 1
      }
    ],
    "modified_by": "divyashrfghjeer.cse2024@citchennai.net"
  },
  "pgs.gaycdfghathri2006@gmail.com/example.py": {
    "type": "file",
    "created": "2026-02-12T14:15:14.906905",
    "created_by": "divyashrfghjeer.cse2024@citchennai.net",
    "modified": "2026-02-12T14:17:03.685572",
    "versions": [
      {
        "timestamp": "2026-02-12T14:15:14.906916",
        "size": 0,
        "modified_by": "divyashrfghjeer.cse2024@citchennai.net"
      },
      {
        "timestamp": "2026-02-12T14:17:03.685587",
        "size": 32,
        "modified_by": "pgs.gaycdfghathri2006@gmail.com",
        "content": "print(\"hello world\")\nprint(\"$$\")"
      }
    ],
    "modified_by": "pgs.gaycdfghathri2006@gmail.com"
  },
  "pgs.gaycdfghathri2006@gmail.com/functions": {
    "type": "file",
    "created": "2026-02-12T14:15:24.968532",
    "created_by": "divyashrfghjeer.cse2024@citchennai.net",
    "modified": "2026-02-12T14:16:29.608069",
    "versions": [
      {
        "timestamp": "2026-02-12T14:15:24.968544",
        "size": 0,
        "modified_by": "divyashrfghjeer.cse2024@citchennai.net"
      },
      {
        "timestamp": "2026-02-12T14:16:29.608079",
        "size": 29,
        "modified_by": "pgs.gaycdfghathri2006@gmail.com",
        "content": "this file comtains functions\n"
      }
    ],
    "modified_by": "pgs.gaycdfghathri2006@gmail.com"
  },
  "divya123@gmail.com/hj/hello.py": {
    "type": "file",
    "created": "2026-02-16T10:48:58.477536",
    "created_by": "divya123@gmail.com",
    "modified": "2026-02-16T10:48:58.477548",
    "versions": [
      {
        "timestamp": "2026-02-16T10:48:58.477551",
        "size": 0,
        "modified_by": "divya123@gmail.com"
      }
    ]
  },
  "divya@gmail.com/programming": {
    "type": "folder",
    "created": "2026-02-16T11:04:31.100058",
    "created_by": "divya@gmail.com"
  },
  "divya@gmail.com/text files": {
    "type": "folder",
    "created": "2026-02-16T11:04:44.129004",
    "created_by": "divya@gmail.com"
  },
  "divya@gmail.com/programming/hello world.py": {
    "type": "file",
    "created": "2026-02-16T11:04:57.379266",
    "created_by": "divya@gmail.com",
    "modified": "2026-02-16T11:04:57.379276",
    "versions": [
      {
        "timestamp": "2026-02-16T11:04:57.379280",
        "size": 0,
        "modified_by": "divya@gmail.com"
      }
    ]
  },
  "divya@gmail.com/programming/adding two values.py": {
    "type": "file",
    "created": "2026-02-16T11:05:19.364397",
    "created_by": "divya@gmail.com",
    "modified": "2026-02-16T11:08:58.641989",
    "versions": [
      {
        "timestamp": "2026-02-16T11:05:19.364406",
        "size": 0,
        "modified_by": "divya@gmail.com"
      },
      {
        "timestamp": "2026-02-16T11:08:30.702389",
        "size": 19,
        "modified_by": "divya@gmail.com",
        "content": "a=5\nb=10\nprint(a+b)"
      },
      {
        "timestamp": "2026-02-16T11:08:58.642018",
        "size": 35,
        "modified_by": "gayathri@gmail.com",
        "content": "a=5\nb=10\nprint(a+b)\nprint(\"edited\")"
      }
    ],
    "modified_by": "gayathri@gmail.com"
  },
  "divya@gmail.com/programming/functions.py": {
    "type": "file",
    "created": "2026-02-16T11:05:33.220495",
    "created_by": "divya@gmail.com",
    "modified": "2026-02-16T11:05:33.220503",
    "versions": [
      {
        "timestamp": "2026-02-16T11:05:33.220505",
        "size": 0,
        "modified_by": "divya@gmail.com"
      }
    ]
  },
  "divya@gmail.com/text files/hello": {
    "type": "file",
    "created": "2026-02-16T11:05:42.519662",
    "created_by": "divya@gmail.com",
    "modified": "2026-02-16T11:07:45.059993",
    "versions": [
      {
        "timestamp": "2026-02-16T11:05:42.519674",
        "size": 0,
        "modified_by": "divya@gmail.com"
      },
      {
        "timestamp": "2026-02-16T11:07:45.060006",
        "size": 20,
        "modified_by": "divya@gmail.com",
        "content": "hello guys!! welcome"
      }
    ],
    "modified_by": "divya@gmail.com"
  },
  "divya@gmail.com/text files/greetings": {
    "type": "file",
    "created": "2026-02-16T11:05:52.210155",
    "created_by": "divya@gmail.com",
    "modified": "2026-02-16T11:05:52.210164",
    "versions": [
      {
        "timestamp": "2026-02-16T11:05:52.210166",
        "size": 0,
        "modified_by": "divya@gmail.com"
      }
    ]
  },
  "divya@gmail.com/text files/technical meet": {
    "type": "file",
    "created": "2026-02-16T11:06:05.049722",
    "created_by": "divya@gmail.com",
    "modified": "2026-02-16T11:06:05.049731",
    "versions": [
      {
        "timestamp": "2026-02-16T11:06:05.049733",
        "size": 0,
        "modified_by": "divya@gmail.com"
      }
    ]
  },
  "divya@gmail.com/hackathon/functional root": {
    "type": "file",
    "created": "2026-02-16T11:06:23.013231",
    "created_by": "divya@gmail.com",
    "modified": "2026-02-16T11:06:23.013241",
    "versions": [
      {
        "timestamp": "2026-02-16T11:06:23.013244",
        "size": 0,
        "modified_by": "divya@gmail.com"
      }
    ]
  },
  "divya@gmail.com/hackathon/probem statement": {
    "type": "file",
    "created": "2026-02-16T11:06:41.608568",
    "created_by": "divya@gmail.com",
    "modified": "2026-02-16T11:06:41.608579",
    "versions": [
      {
        "timestamp": "2026-02-16T11:06:41.608583",
        "size": 0,
        "modified_by": "divya@gmail.com"
      }
    ]
  },
  "divya@gmail.com/hackathon/main.py": {
    "type": "file",
    "created": "2026-02-16T11:07:01.392943",
    "created_by": "divya@gmail.com",
    "modified": "2026-02-16T11:07:01.392953",
    "versions": [
      {
        "timestamp": "2026-02-16T11:07:01.392955",
        "size": 0,
        "modified_by": "divya@gmail.com"
      }
    ]
  },
  "john@gmail.com/functions": {
    "type": "folder",
    "created": "2026-02-17T10:07:59.246705",
    "created_by": "john@gmail.com"
  },
  "john@gmail.com/functions/main.py": {
    "type": "file",
    "created": "2026-02-17T10:08:10.057021",
    "created_by": "john@gmail.com",
    "modified": "2026-02-17T10:08:10.057029",
    "versions": [
      {
        "timestamp": "2026-02-17T10:08:10.057032",
        "size": 0,
        "modified_by": "john@gmail.com"
      }
    ]
  },
  "john@gmail.com/functions/collaborative": {
    "type": "file",
    "created": "2026-02-17T10:08:53.043177",
    "created_by": "john@gmail.com",
    "modified": "2026-02-17T10:10:30.235487",
    "versions": [
      {
        "timestamp": "2026-02-17T10:08:53.043185",
        "size": 0,
        "modified_by": "john@gmail.com"
      },
      {
        "timestamp": "2026-02-17T10:10:10.855726",
        "size": 10,
        "modified_by": "john@gmail.com",
        "content": "hello guys"
      },
      {
        "timestamp": "2026-02-17T10:10:23.357452",
        "size": 40,
        "modified_by": "john@gmail.com",
        "content": "hello guys\nwelcome to collaborative tool"
      },
      {
        "timestamp": "2026-02-17T10:10:30.235500",
        "size": 10,
        "modified_by": "john@gmail.com",
        "content": "hello guys",
        "restored_from": 1
      }
    ],
    "modified_by": "john@gmail.com"
  },
  "john@gmail.com/functions/hello world.py": {
    "type": "file",
    "created": "2026-02-17T10:09:03.486701",
    "created_by": "john@gmail.com",
    "modified": "2026-02-17T10:09:46.953218",
    "versions": [
      {
        "timestamp": "2026-02-17T10:09:03.486711",
        "size": 0,
        "modified_by": "john@gmail.com"
      },
      {
        "timestamp": "2026-02-17T10:09:46.953246",
        "size": 20,
        "modified_by": "john@gmail.com",
        "content": "print(\"hello world\")"
      }
    ],
    "modified_by": "john@gmail.com"
  },
  "john@gmail.com/texts": {
    "type": "file",
    "created": "2026-02-17T10:11:43.505333",
    "created_by": "yamuna@gmail.com",
    "modified": "2026-02-17T10:12:04.259786",
    "versions": [
      {
        "timestamp": "2026-02-17T10:11:43.505344",
        "size": 0,
        "modified_by": "yamuna@gmail.com"
      },
      {
        "timestamp": "2026-02-17T10:12:04.259796",
        "size": 6,
        "modified_by": "john@gmail.com",
        "content": "heeyyy"
      }
    ],
    "modified_by": "john@gmail.com"
  },
  "john@gmail.com/hackit/project in hackit": {
    "type": "file",
    "created": "2026-02-17T10:15:45.419397",
    "created_by": "yalzhu123a@gmail.com",
    "modified": "2026-02-17T10:15:45.419416",
    "versions": [
      {
        "timestamp": "2026-02-17T10:15:45.419418",
        "size": 0,
        "modified_by": "yalzhu123a@gmail.com"
      }
    ]
  },
  "john@gmail.com/hackit/main.py": {
    "type": "file",
    "created": "2026-02-17T10:16:03.929752",
    "created_by": "yalzhu123a@gmail.com",
    "modified": "2026-02-17T10:16:03.929759",
    "versions": [
      {
        "timestamp": "2026-02-17T10:16:03.929761",
        "size": 0,
        "modified_by": "yalzhu123a@gmail.com"
      }
    ]
  },
  "divyashgvfvreer.cse2024@citchennai.net/nsr": {
    "type": "folder",
    "created": "2026-02-24T17:30:51.698373",
    "created_by": "divyashgvfvreer.cse2024@citchennai.net"
  },
  "divyashgvfvreer.cse2024@citchennai.net/nsr/hii": {
    "type": "file",
    "created": "2026-02-24T17:31:03.244616",
    "created_by": "divyashgvfvreer.cse2024@citchennai.net",
    "modified": "2026-02-24T17:33:53.266664",
    "versions": [
      {
        "timestamp": "2026-02-24T17:31:03.244639",
        "size": 0,
        "modified_by": "divyashgvfvreer.cse2024@citchennai.net"
      },
      {
        "timestamp": "2026-02-24T17:33:36.839633",
        "size": 4,
        "modified_by": "gayathri@gmail.com",
        "content": "hiii"
      },
      {
        "timestamp": "2026-02-24T17:33:44.211472",
        "size": 0,
        "modified_by": "gayathri@gmail.com",
        "content": "",
        "restored_from": 0
      },
      {
        "timestamp": "2026-02-24T17:33:53.266684",
        "size": 4,
        "modified_by": "gayathri@gmail.com",
        "content": "hiii",
        "restored_from": 1
      }
    ],
    "modified_by": "gayathri@gmail.com"
  },
  "123456789@gmail.com/hii": {
    "type": "file",
    "created": "2026-02-25T13:10:57.941605",
    "created_by": "123456789@gmail.com",
    "modified": "2026-02-25T13:11:12.505667",
    "versions": [
      {
        "timestamp": "2026-02-25T13:10:57.941649",
        "size": 0,
        "modified_by": "123456789@gmail.com"
      },
      {
        "timestamp": "2026-02-25T13:11:12.505681",
        "size": 5,
        "modified_by": "123456789@gmail.com",
        "content": "hello"
      }
    ],
    "modified_by": "123456789@gmail.com"
  }
}