[
  {
    "workspace": "vggjgvg@gmail.com",
    "time": "2026-02-25T15:48",
    "link": "https://meet.google.com/ptu-fvgz-vts",
    "notified": true,
    "created_at": "2026-02-25T15:47:19.597703"
  },
  {
    "workspace": "examplegithub3@gmail.com",
    "time": "2026-02-25T15:51",
    "link": "https://meet.google.com/ptu-fvgz-vts",
    "notified": true,
    "created_at": "2026-02-25T15:50:08.615978"
  },
  {
    "workspace": "examplegithub3@gmail.com",
    "time": "2026-02-25T15:55",
    "link": "https://meet.google.com/ptu-fvgz-vts",
    "notified": true,
    "created_at": "2026-02-25T15:54:45.281774"
  }
]