{
  "divya575divya@gmail.com": [
    {
      "id": 1,
      "name": "ff",
      "deadline": "2026-02-05",
      "created_at": "2026-02-04T23:23:20.867632",
      "created_by": "divya575divya@gmail.com"
    },
    {
      "id": 2,
      "name": "bla",
      "deadline": "2026-02-19",
      "created_at": "2026-02-04T23:23:31.663078",
      "created_by": "divya575divya@gmail.com"
    },
    {
      "id": 3,
      "name": "hii",
      "deadline": "2026-02-04",
      "created_at": "2026-02-04T23:23:42.367838",
      "created_by": "divya575divya@gmail.com"
    }
  ],
  "pgs.gaycdfghathri2006@gmail.com": [
    {
      "id": 1,
      "name": "hacksagon",
      "deadline": "2026-02-20",
      "created_at": "2026-02-12T14:06:52.758350",
      "created_by": "pgs.gaycdfghathri2006@gmail.com"
    },
    {
      "id": 2,
      "name": "hack",
      "deadline": "2026-02-13",
      "created_at": "2026-02-12T14:25:42.997935",
      "created_by": "divyashrfghjeer.cse2024@citchennai.net"
    },
    {
      "id": 3,
      "name": "hacks",
      "deadline": "2026-02-12",
      "created_at": "2026-02-12T14:26:09.865550",
      "created_by": "divyashrfghjeer.cse2024@citchennai.net"
    }
  ],
  "divya123@gmail.com": [
    {
      "id": 2,
      "name": "hj",
      "deadline": "2026-02-28",
      "created_at": "2026-02-16T10:43:00.779833",
      "created_by": "divya123@gmail.com"
    }
  ],
  "divya@gmail.com": [
    {
      "id": 1,
      "name": "hackathon",
      "deadline": "2026-02-20",
      "created_at": "2026-02-16T11:04:14.424163",
      "created_by": "divya@gmail.com"
    },
    {
      "id": 2,
      "name": "hackit",
      "deadline": "2026-02-16",
      "created_at": "2026-02-16T11:10:41.129902",
      "created_by": "divya@gmail.com"
    }
  ],
  "john@gmail.com": [
    {
      "id": 1,
      "name": "hackerz",
      "deadline": "2026-02-21",
      "created_at": "2026-02-17T10:07:46.161984",
      "created_by": "john@gmail.com"
    },
    {
      "id": 2,
      "name": "hackit",
      "deadline": "2026-02-17",
      "created_at": "2026-02-17T10:14:58.729768",
      "created_by": "yalzhu123a@gmail.com"
    }
  ],
  "divyashgvfvreer.cse2024@citchennai.net": []
}