{
  "harishsm02@gmail.com": {
    "team_lead": "harishsm02@gmail.com",
    "members": [
      "greesh@gmail.com",
      "ganesh@gmail.com",
      "mahe@gmail.com"
    ],
    "invitation_keys": [
      {
        "key": "DEF3E787",
        "created": "2026-02-02T19:51:24.924558",
        "active": true
      }
    ]
  },
  "greesh@gmail.com": {
    "team_lead": "greesh@gmail.com",
    "members": [
      "harishsm02@gmail.com",
      "ganesh@gmail.com",
      "mahe@gmail.com"
    ],
    "invitation_keys": []
  },
  "mahe@gmail.com": {
    "team_lead": "mahe@gmail.com",
    "members": [
      "greesh@gmail.com",
      "harishsm02@gmail.com"
    ],
    "invitation_keys": []
  },
  "divyashreer.cse2024@citchennai.net": {
    "team_lead": "divyashreer.cse2024@citchennai.net",
    "members": [
      "greesh12345@gmail.com"
    ],
    "invitation_keys": []
  },
  "divya575divya@gmail.com": {
    "team_lead": "divya575divya@gmail.com",
    "members": [
      "greesh142345@gmail.com",
      "dreesh1234567@gmail.com",
      "greesh12345678@gmail.com"
    ],
    "invitation_keys": []
  },
  "pgs.gaycdfghathri2006@gmail.com": {
    "team_lead": "pgs.gaycdfghathri2006@gmail.com",
    "members": [
      "divyashrfghjeer.cse2024@citchennai.net",
      "greesh142345@gmail.com"
    ],
    "invitation_keys": []
  },
  "divya123@gmail.com": {
    "team_lead": "divya123@gmail.com",
    "members": [
      "divyashrfghjeer.cse2024@citchennai.net",
      "asdfgh@gmail.com",
      "asdfghddfgjhguyvhczddh@gmail.com",
      "greesh142345@gmail.com",
      "gayathri@gmail.com"
    ],
    "invitation_keys": []
  },
  "divya@gmail.com": {
    "team_lead": "divya@gmail.com",
    "members": [
      "gayathri@gmail.com",
      "greesh142345@gmail.com"
    ],
    "invitation_keys": []
  },
  "john@gmail.com": {
    "team_lead": "john@gmail.com",
    "members": [
      "yamuna@gmail.com",
      "yalzhu123a@gmail.com"
    ],
    "invitation_keys": []
  },
  "divyashgvfvreer.cse2024@citchennai.net": {
    "team_lead": "divyashgvfvreer.cse2024@citchennai.net",
    "members": [
      "gayathri@gmail.com"
    ],
    "invitation_keys": []
  },
  "123456789@gmail.com": {
    "team_lead": "123456789@gmail.com",
    "members": [
      "asdfgh1245678@gmail.com"
    ],
    "invitation_keys": []
  }
}