{"harishsm02@gmail.com": {"password": "123456"}, "greesh@gmail.com": {"password": "123456"}, "ganesh@gmail.com": {"password": "123456"}, "mahe@gmail.com": {"password": "123456"}, "divyashreer.cse2024@citchennai.net": {"password": "123456789"}, "greesh12345@gmail.com": {"password": "1234567890"}, "divya575divya@gmail.com": {"password": "1234567890"}, "greesh142345@gmail.com": {"password": "1234567890"}, "dreesh1234567@gmail.com": {"password": "1234567890"}, "greesh12345678@gmail.com": {"password": "1234567890"}, "pgs.gaycdfghathri2006@gmail.com": {"password": "sdfghjkl"}, "divyashrfghjeer.cse2024@citchennai.net": {"password": "123457890"}, "divya123@gmail.com": {"password": "`1234567890"}, "asdfgh@gmail.com": {"password": "1234567890"}, "asdfghddfgjhguyvhczddh@gmail.com": {"password": "1234567890"}, "gayathri@gmail.com": {"password": "1234567890"}, "divya@gmail.com": {"password": "1234567890"}, "greeshbnm@gmail.com": {"password": "234567890"}, "john@gmail.com": {"password": "1234567890"}, "yamuna@gmail.com": {"password": "1234567890"}, "yalzhu123a@gmail.com": {"password": "1234567890"}, "divyashgvfvreer.cse2024@citchennai.net": {"password": "1234567890"}, "123456789@gmail.com": {"password": "1234567890"}, "asdfgh1245678@gmail.com": {"password": "1234567890"}, "jj@gmail.com": {"password": "1234567890"}, "vggjgvg@gmail.com": {"password": "1234567890"}, "examplegithub3@gmail.com": {"password": "123456789"}}