{
  "harishsm02@gmail.com": "939120AB",
  "greesh@gmail.com": "71D44840",
  "ganesh@gmail.com": "FA0DC758",
  "mahe@gmail.com": "A90D386A",
  "divyashreer.cse2024@citchennai.net": "4DF014BE",
  "greesh12345@gmail.com": "B4EC3D91",
  "divya575divya@gmail.com": "6F6A4D97",
  "greesh142345@gmail.com": "762B63C6",
  "greesh12345678@gmail.com": "D60D90F1",
  "dreesh1234567@gmail.com": "716CD834",
  "pgs.gaycdfghathri2006@gmail.com": "6F09351E",
  "divyashrfghjeer.cse2024@citchennai.net": "932907E6",
  "divya123@gmail.com": "AEC03C8D",
  "asdfgh@gmail.com": "5EAEE710",
  "asdfghddfgjhguyvhczddh@gmail.com": "169057CE",
  "gayathri@gmail.com": "7CB31818",
  "divya@gmail.com": "A4FF6DCC",
  "greeshbnm@gmail.com": "33F91222",
  "john@gmail.com": "95013F55",
  "yamuna@gmail.com": "FF767E75",
  "yalzhu123a@gmail.com": "C302F37B",
  "divyashgvfvreer.cse2024@citchennai.net": "06E408E5",
  "123456789@gmail.com": "A4C48DC7",
  "asdfgh1245678@gmail.com": "2B5D4A6C",
  "jj@gmail.com": "9974BF0C",
  "vggjgvg@gmail.com": "E7DFAED7",
  "examplegithub3@gmail.com": "BB6CF1DE"
}